{"main":"oas-30-yaml-template.yaml","name":"OAS 3.0 YAML Template","classifier":"oas","tags":[],"dependencies":[{"groupId":"68ef9520-24e9-4cf2-b2f5-620025690913","assetId":"anypoint-best-practices","version":"1.5.1","scope":"validation"},{"groupId":"68ef9520-24e9-4cf2-b2f5-620025690913","assetId":"https-enforcement","version":"1.1.1","scope":"validation"},{"groupId":"68ef9520-24e9-4cf2-b2f5-620025690913","assetId":"required-examples","version":"1.0.2","scope":"validation"},{"groupId":"68ef9520-24e9-4cf2-b2f5-620025690913","assetId":"owasp-api-security","version":"2.0.1","scope":"validation"},{"groupId":"68ef9520-24e9-4cf2-b2f5-620025690913","assetId":"openapi-best-practices","version":"1.0.0","scope":"validation"},{"groupId":"68ef9520-24e9-4cf2-b2f5-620025690913","assetId":"authentication-security-best-practices","version":"1.0.0","scope":"validation"}],"descriptorVersion":"1.0.0"}